Workbook

Sheet Assumptions
A1: Retail Allocation Analysis
A3: Parameter | B3: Value | C3: Notes
A4: Supplier Lead Time (weeks) | B4: 1 | C4: Weeks from order to delivery
A5: Safety Stock (weeks) | B5: 2 | C5: Buffer above reorder point
A6: Critical WOS Threshold | B6: 1 | C6: Below this = Critical
A7: Low WOS Threshold | B7: 2 | C7: Below this = Low
A8: Healthy WOS Threshold | B8: 3 | C8: Above this = Healthy
A9: Sell-Through Target | B9: 0.7 | C9: Target % sold each week
A10: Incoming Shipment SKU-001 | B10: 600 | C10: Units to allocate
A11: Incoming Shipment SKU-002 | B11: 400 | C11: Units to allocate
A12: Incoming Shipment SKU-003 | B12: 250 | C12: Units to allocate

Sheet Sales History
B1: Sales History - Weekly Units Sold by Store & SKU
A2: SKU | B2: Store / SKU | C2: Wk1 | D2: Wk2 | E2: Wk3 | F2: Wk4 | G2: Wk5 | H2: Wk6 | I2: Wk7 | J2: Wk8 | K2: 8-Wk Total | L2: Avg Weekly Sales | M2: Max Weekly Sales
A4: SKU-001 | B4: Store 1 - Toronto | C4: 72 | D4: 78 | E4: 81 | F4: 98 | G4: 105 | H4: 89 | I4: 82 | J4: 75 | K4: =SUM(C4:J4) -> 680 | L4: =AVERAGE(C4:J4) -> 85 | M4: =MAX(C4:J4) -> 105
A5: SKU-001 | B5: Store 2 - Mississauga | C5: 48 | D5: 51 | E5: 53 | F5: 64 | G5: 69 | H5: 58 | I5: 54 | J5: 49 | K5: =SUM(C5:J5) -> 446 | L5: =AVERAGE(C5:J5) -> 55.75 | M5: =MAX(C5:J5) -> 69
A6: SKU-001 | B6: Store 3 - Brampton | C6: 36 | D6: 38 | E6: 39 | F6: 47 | G6: 51 | H6: 43 | I6: 40 | J6: 37 | K6: =SUM(C6:J6) -> 331 | L6: =AVERAGE(C6:J6) -> 41.375 | M6: =MAX(C6:J6) -> 51
A7: SKU-001 | B7: Store 4 - Oakville | C7: 24 | D7: 25 | E7: 26 | F7: 31 | G7: 34 | H7: 28 | I7: 26 | J7: 24 | K7: =SUM(C7:J7) -> 218 | L7: =AVERAGE(C7:J7) -> 27.25 | M7: =MAX(C7:J7) -> 34
A8: SKU-001 | B8: Store 5 - Vaughan | C8: 44 | D8: 46 | E8: 48 | F8: 58 | G8: 62 | H8: 52 | I8: 49 | J8: 45 | K8: =SUM(C8:J8) -> 404 | L8: =AVERAGE(C8:J8) -> 50.5 | M8: =MAX(C8:J8) -> 62
A9: SKU-001 | B9: Store 6 - Scarborough | C9: 15 | D9: 15 | E9: 16 | F9: 18 | G9: 19 | H9: 17 | I9: 16 | J9: 15 | K9: =SUM(C9:J9) -> 131 | L9: =AVERAGE(C9:J9) -> 16.375 | M9: =MAX(C9:J9) -> 19
A12: SKU-002 | B12: Store 1 - Toronto | C12: 48 | D12: 51 | E12: 53 | F12: 65 | G12: 70 | H12: 59 | I12: 54 | J12: 50 | K12: =SUM(C12:J12) -> 450 | L12: =AVERAGE(C12:J12) -> 56.25 | M12: =MAX(C12:J12) -> 70
A13: SKU-002 | B13: Store 2 - Mississauga | C13: 31 | D13: 33 | E13: 34 | F13: 41 | G13: 45 | H13: 37 | I13: 35 | J13: 32 | K13: =SUM(C13:J13) -> 288 | L13: =AVERAGE(C13:J13) -> 36 | M13: =MAX(C13:J13) -> 45
A14: SKU-002 | B14: Store 3 - Brampton | C14: 24 | D14: 25 | E14: 26 | F14: 31 | G14: 34 | H14: 28 | I14: 26 | J14: 24 | K14: =SUM(C14:J14) -> 218 | L14: =AVERAGE(C14:J14) -> 27.25 | M14: =MAX(C14:J14) -> 34
A15: SKU-002 | B15: Store 4 - Oakville | C15: 16 | D15: 17 | E15: 18 | F15: 21 | G15: 23 | H15: 19 | I15: 18 | J15: 17 | K15: =SUM(C15:J15) -> 149 | L15: =AVERAGE(C15:J15) -> 18.625 | M15: =MAX(C15:J15) -> 23
A16: SKU-002 | B16: Store 5 - Vaughan | C16: 28 | D16: 30 | E16: 31 | F16: 37 | G16: 40 | H16: 34 | I16: 31 | J16: 29 | K16: =SUM(C16:J16) -> 260 | L16: =AVERAGE(C16:J16) -> 32.5 | M16: =MAX(C16:J16) -> 40
A17: SKU-002 | B17: Store 6 - Scarborough | C17: 10 | D17: 10 | E17: 11 | F17: 12 | G17: 14 | H17: 11 | I17: 11 | J17: 10 | K17: =SUM(C17:J17) -> 89 | L17: =AVERAGE(C17:J17) -> 11.125 | M17: =MAX(C17:J17) -> 14
B19: SKU-003
A20: SKU-003 | B20: Store 1 - Toronto | C20: 32 | D20: 34 | E20: 35 | F20: 42 | G20: 46 | H20: 38 | I20: 35 | J20: 33 | K20: =SUM(C20:J20) -> 295 | L20: =AVERAGE(C20:J20) -> 36.875 | M20: =MAX(C20:J20) -> 46
A21: SKU-003 | B21: Store 2 - Mississauga | C21: 22 | D21: 23 | E21: 24 | F21: 29 | G21: 31 | H21: 26 | I21: 24 | J21: 22 | K21: =SUM(C21:J21) -> 201 | L21: =AVERAGE(C21:J21) -> 25.125 | M21: =MAX(C21:J21) -> 31
A22: SKU-003 | B22: Store 3 - Brampton | C22: 16 | D22: 17 | E22: 17 | F22: 21 | G22: 22 | H22: 19 | I22: 18 | J22: 16 | K22: =SUM(C22:J22) -> 146 | L22: =AVERAGE(C22:J22) -> 18.25 | M22: =MAX(C22:J22) -> 22
A23: SKU-003 | B23: Store 4 - Oakville | C23: 11 | D23: 12 | E23: 12 | F23: 15 | G23: 16 | H23: 13 | I23: 12 | J23: 11 | K23: =SUM(C23:J23) -> 102 | L23: =AVERAGE(C23:J23) -> 12.75 | M23: =MAX(C23:J23) -> 16
A24: SKU-003 | B24: Store 5 - Vaughan | C24: 19 | D24: 20 | E24: 21 | F24: 25 | G24: 27 | H24: 23 | I24: 21 | J24: 20 | K24: =SUM(C24:J24) -> 176 | L24: =AVERAGE(C24:J24) -> 22 | M24: =MAX(C24:J24) -> 27
A25: SKU-003 | B25: Store 6 - Scarborough | C25: 6 | D25: 6 | E25: 7 | F25: 8 | G25: 9 | H25: 7 | I25: 7 | J25: 6 | K25: =SUM(C25:J25) -> 56 | L25: =AVERAGE(C25:J25) -> 7 | M25: =MAX(C25:J25) -> 9

Sheet Inventory & Replenishment
B1: Inventory Health & Replenishment Triggers
A2: SKU | B2: Store / SKU | C2: Current Inventory | D2: Avg Weekly Sales | E2: Weeks of Supply | F2: Reorder Point | G2: Safety Stock | H2: Inventory vs Reorder | I2: Status
A5: SKU-001 | B5: Store 1 - Toronto | C5: 8 | D5: ='Sales History'!L4 -> 85 | E5: =IFERROR(ROUND(C5/D5,1),0) -> 0.1 | F5: =ROUND(Assumptions!$B$4*'Inventory & Replenishment'!D5,0) -> 85 | G5: =ROUND(Assumptions!$B$5*'Inventory & Replenishment'!D5,0) -> 170 | H5: =F5+G5 -> 255 | I5: =IF(E5<=Assumptions!$B$6,"CRITICAL",IF(E5<=Assumptions!$B$8,"LOW","HEALTHY")) -> CRITICAL
A6: SKU-001 | B6: Store 2 - Mississauga | C6: 95 | D6: ='Sales History'!L5 -> 55.75 | E6: =IFERROR(ROUND(C6/D6,1),0) -> 1.7 | F6: =ROUND(Assumptions!$B$4*'Inventory & Replenishment'!D6,0) -> 56 | G6: =ROUND(Assumptions!$B$5*'Inventory & Replenishment'!D6,0) -> 112 | H6: =F6+G6 -> 168 | I6: =IF(E6<=Assumptions!$B$6,"CRITICAL",IF(E6<=Assumptions!$B$8,"LOW","HEALTHY")) -> LOW
A7: SKU-001 | B7: Store 3 - Brampton | C7: 45 | D7: ='Sales History'!L6 -> 41.375 | E7: =IFERROR(ROUND(C7/D7,1),0) -> 1.1 | F7: =ROUND(Assumptions!$B$4*'Inventory & Replenishment'!D7,0) -> 41 | G7: =ROUND(Assumptions!$B$5*'Inventory & Replenishment'!D7,0) -> 83 | H7: =F7+G7 -> 124 | I7: =IF(E7<=Assumptions!$B$6,"CRITICAL",IF(E7<=Assumptions!$B$8,"LOW","HEALTHY")) -> LOW
A8: SKU-001 | B8: Store 4 - Oakville | C8: 12 | D8: ='Sales History'!L7 -> 27.25 | E8: =IFERROR(ROUND(C8/D8,1),0) -> 0.4 | F8: =ROUND(Assumptions!$B$4*'Inventory & Replenishment'!D8,0) -> 27 | G8: =ROUND(Assumptions!$B$5*'Inventory & Replenishment'!D8,0) -> 55 | H8: =F8+G8 -> 82 | I8: =IF(E8<=Assumptions!$B$6,"CRITICAL",IF(E8<=Assumptions!$B$8,"LOW","HEALTHY")) -> CRITICAL
A9: SKU-001 | B9: Store 5 - Vaughan | C9: 30 | D9: ='Sales History'!L8 -> 50.5 | E9: =IFERROR(ROUND(C9/D9,1),0) -> 0.6 | F9: =ROUND(Assumptions!$B$4*'Inventory & Replenishment'!D9,0) -> 51 | G9: =ROUND(Assumptions!$B$5*'Inventory & Replenishment'!D9,0) -> 101 | H9: =F9+G9 -> 152 | I9: =IF(E9<=Assumptions!$B$6,"CRITICAL",IF(E9<=Assumptions!$B$8,"LOW","HEALTHY")) -> CRITICAL
A10: SKU-001 | B10: Store 6 - Scarborough | C10: 60 | D10: ='Sales History'!L9 -> 16.375 | E10: =IFERROR(ROUND(C10/D10,1),0) -> 3.7 | F10: =ROUND(Assumptions!$B$4*'Inventory & Replenishment'!D10,0) -> 16 | G10: =ROUND(Assumptions!$B$5*'Inventory & Replenishment'!D10,0) -> 33 | H10: =F10+G10 -> 49 | I10: =IF(E10<=Assumptions!$B$6,"CRITICAL",IF(E10<=Assumptions!$B$8,"LOW","HEALTHY")) -> HEALTHY
A13: SKU-002 | B13: Store 1 - Toronto | C13: 5 | D13: ='Sales History'!L12 -> 56.25 | E13: =IFERROR(ROUND(C13/D13, 1), 0) -> 0.1 | F13: =ROUND(Assumptions!$B$4*'Inventory & Replenishment'!D13, 0) -> 56 | G13: =ROUND(Assumptions!$B$5*D13,0) -> 113 | H13: =F13+G13 -> 169 | I13: =IF(E13<=Assumptions!$B$6,"CRITICAL",IF(E13<=Assumptions!$B$8,"LOW","HEALTHY")) -> CRITICAL
A14: SKU-002 | B14: Store 2 - Mississauga | C14: 40 | D14: ='Sales History'!L13 -> 36 | E14: =IFERROR(ROUND(C14/D14, 1), 0) -> 1.1 | F14: =ROUND(Assumptions!$B$4*'Inventory & Replenishment'!D14, 0) -> 36 | G14: =ROUND(Assumptions!$B$5*D14,0) -> 72 | H14: =F14+G14 -> 108 | I14: =IF(E14<=Assumptions!$B$6,"CRITICAL",IF(E14<=Assumptions!$B$8,"LOW","HEALTHY")) -> LOW
A15: SKU-002 | B15: Store 3 - Brampton | C15: 80 | D15: ='Sales History'!L14 -> 27.25 | E15: =IFERROR(ROUND(C15/D15, 1), 0) -> 2.9 | F15: =ROUND(Assumptions!$B$4*'Inventory & Replenishment'!D15, 0) -> 27 | G15: =ROUND(Assumptions!$B$5*D15,0) -> 55 | H15: =F15+G15 -> 82 | I15: =IF(E15<=Assumptions!$B$6,"CRITICAL",IF(E15<=Assumptions!$B$8,"LOW","HEALTHY")) -> LOW
A16: SKU-002 | B16: Store 4 - Oakville | C16: 10 | D16: ='Sales History'!L15 -> 18.625 | E16: =IFERROR(ROUND(C16/D16, 1), 0) -> 0.5 | F16: =ROUND(Assumptions!$B$4*'Inventory & Replenishment'!D16, 0) -> 19 | G16: =ROUND(Assumptions!$B$5*D16,0) -> 37 | H16: =F16+G16 -> 56 | I16: =IF(E16<=Assumptions!$B$6,"CRITICAL",IF(E16<=Assumptions!$B$8,"LOW","HEALTHY")) -> CRITICAL
A17: SKU-002 | B17: Store 5 - Vaughan | C17: 25 | D17: ='Sales History'!L16 -> 32.5 | E17: =IFERROR(ROUND(C17/D17, 1), 0) -> 0.8 | F17: =ROUND(Assumptions!$B$4*'Inventory & Replenishment'!D17, 0) -> 33 | G17: =ROUND(Assumptions!$B$5*D17,0) -> 65 | H17: =F17+G17 -> 98 | I17: =IF(E17<=Assumptions!$B$6,"CRITICAL",IF(E17<=Assumptions!$B$8,"LOW","HEALTHY")) -> CRITICAL
A18: SKU-002 | B18: Store 6 - Scarborough | C18: 55 | D18: ='Sales History'!L17 -> 11.125 | E18: =IFERROR(ROUND(C18/D18, 1), 0) -> 4.9 | F18: =ROUND(Assumptions!$B$4*'Inventory & Replenishment'!D18, 0) -> 11 | G18: =ROUND(Assumptions!$B$5*D18,0) -> 22 | H18: =F18+G18 -> 33 | I18: =IF(E18<=Assumptions!$B$6,"CRITICAL",IF(E18<=Assumptions!$B$8,"LOW","HEALTHY")) -> HEALTHY
A21: SKU-003 | B21: Store 1 - Toronto | C21: 15 | D21: ='Sales History'!L20 -> 36.875 | E21: =IFERROR(ROUND(C21/D21, 1), 0) -> 0.4 | F21: =ROUND(Assumptions!$B$4*'Inventory & Replenishment'!D21,0) -> 37 | G21: =ROUND(Assumptions!$B$5*D21,0) -> 74 | H21: =F21+G21 -> 111 | I21: =IF(E21<=Assumptions!$B$6,"CRITICAL",IF(E21<=Assumptions!$B$8,"LOW","HEALTHY")) -> CRITICAL
A22: SKU-003 | B22: Store 2 - Mississauga | C22: 70 | D22: ='Sales History'!L21 -> 25.125 | E22: =IFERROR(ROUND(C22/D22, 1), 0) -> 2.8 | F22: =ROUND(Assumptions!$B$4*'Inventory & Replenishment'!D22,0) -> 25 | G22: =ROUND(Assumptions!$B$5*D22,0) -> 50 | H22: =F22+G22 -> 75 | I22: =IF(E22<=Assumptions!$B$6,"CRITICAL",IF(E22<=Assumptions!$B$8,"LOW","HEALTHY")) -> LOW
A23: SKU-003 | B23: Store 3 - Brampton | C23: 6 | D23: ='Sales History'!L22 -> 18.25 | E23: =IFERROR(ROUND(C23/D23, 1), 0) -> 0.3 | F23: =ROUND(Assumptions!$B$4*'Inventory & Replenishment'!D23,0) -> 18 | G23: =ROUND(Assumptions!$B$5*D23,0) -> 37 | H23: =F23+G23 -> 55 | I23: =IF(E23<=Assumptions!$B$6,"CRITICAL",IF(E23<=Assumptions!$B$8,"LOW","HEALTHY")) -> CRITICAL
A24: SKU-003 | B24: Store 4 - Oakville | C24: 35 | D24: ='Sales History'!L23 -> 12.75 | E24: =IFERROR(ROUND(C24/D24, 1), 0) -> 2.7 | F24: =ROUND(Assumptions!$B$4*'Inventory & Replenishment'!D24,0) -> 13 | G24: =ROUND(Assumptions!$B$5*D24,0) -> 26 | H24: =F24+G24 -> 39 | I24: =IF(E24<=Assumptions!$B$6,"CRITICAL",IF(E24<=Assumptions!$B$8,"LOW","HEALTHY")) -> LOW
A25: SKU-003 | B25: Store 5 - Vaughan | C25: 8 | D25: ='Sales History'!L24 -> 22 | E25: =IFERROR(ROUND(C25/D25, 1), 0) -> 0.4 | F25: =ROUND(Assumptions!$B$4*'Inventory & Replenishment'!D25,0) -> 22 | G25: =ROUND(Assumptions!$B$5*D25,0) -> 44 | H25: =F25+G25 -> 66 | I25: =IF(E25<=Assumptions!$B$6,"CRITICAL",IF(E25<=Assumptions!$B$8,"LOW","HEALTHY")) -> CRITICAL
A26: SKU-003 | B26: Store 6 - Scarborough | C26: 45 | D26: ='Sales History'!L25 -> 7 | E26: =IFERROR(ROUND(C26/D26, 1), 0) -> 6.4 | F26: =ROUND(Assumptions!$B$4*'Inventory & Replenishment'!D26,0) -> 7 | G26: =ROUND(Assumptions!$B$5*D26,0) -> 14 | H26: =F26+G26 -> 21 | I26: =IF(E26<=Assumptions!$B$6,"CRITICAL",IF(E26<=Assumptions!$B$8,"LOW","HEALTHY")) -> HEALTHY

Sheet Allocation Calculator
B1: Allocation Calculator - Inverse Weeks of Supply Method
A2: SKU | B2: Store | C2: Current Inventory | D2: Avg Weekly Sales | E2: Weeks of Supply | F2: Inverse WOS | G2: % of Total Allocation | H2: Allocation Units | I2: Units After Allocation | J2: New WOS | K2: Supply Gap Flag | M2: Recommended Units | N2: Units After | O2: WOS After
A5: SKU-001 | B5: Store 1 - Toronto | C5: 8 | D5: ='Sales History'!L4 -> 85 | E5: =IFERROR(ROUND(C5/D5,2),0) -> 0.09 | F5: =IF(E5>=Assumptions!$B$8,0,IFERROR(ROUND(1/E5,2),0)) -> 11.11 | G5: =IFERROR(F5/SUM($F$5:$F$10),0) -> 0.67008444 | H5: =IFERROR(G5*Assumptions!$B$10,0) -> 402.05066 | I5: =C5+H5 -> 410.05066 | J5: =IFERROR(I5/D5,0) -> 4.8241255 | K5: =IF(J5<Assumptions!$B$8,"INSUFFICIENT- "&ROUND((Assumptions!$B$8-'Allocation Calculator'!J5)*D5,0)&" units short", "OK") -> OK | L5: =IF(E5>=Assumptions!$B$8,0,(D5*Assumptions!$B$8)-C5) -> 247 | M5: =IF(L5>0,L5+($K$11-$L$11)/COUNTIF($L$5:$L$10,">"&0),0) -> 249.075 | N5: =M5+C5 -> 257.075 | O5: =N5/D5 -> 3.0244118
A6: SKU-001 | B6: Store 2 - Mississauga | C6: 95 | D6: ='Sales History'!L5 -> 55.75 | E6: =IFERROR(ROUND(C6/D6,2),0) -> 1.7 | F6: =IF(E6>=Assumptions!$B$8,0,IFERROR(ROUND(1/E6,2),0)) -> 0.59 | G6: =IFERROR(F6/SUM($F$5:$F$10),0) -> 0.035585042 | H6: =IFERROR(G6*Assumptions!$B$10,0) -> 21.351025 | I6: =C6+H6 -> 116.35103 | J6: =IFERROR(I6/D6,0) -> 2.0870139 | K6: =IF(J6<Assumptions!$B$8,"INSUFFICIENT- "&ROUND((Assumptions!$B$8-'Allocation Calculator'!J6)*D6,0)&" units short", "OK") -> INSUFFICIENT- 51 units short | L6: =IF(E6>=Assumptions!$B$8,0,(D6*Assumptions!$B$8)-C6) -> 72.25 | M6: =IF(L6>0,L6+($K$11-$L$11)/COUNTIF($L$5:$L$10,">"&0),0) -> 74.325 | N6: =M6+C6 -> 169.325 | O6: =N6/D6 -> 3.0372197
A7: SKU-001 | B7: Store 3 - Brampton | C7: 45 | D7: ='Sales History'!L6 -> 41.375 | E7: =IFERROR(ROUND(C7/D7,2),0) -> 1.09 | F7: =IF(E7>=Assumptions!$B$8,0,IFERROR(ROUND(1/E7,2),0)) -> 0.92 | G7: =IFERROR(F7/SUM($F$5:$F$10),0) -> 0.05548854 | H7: =IFERROR(G7*Assumptions!$B$10,0) -> 33.293124 | I7: =C7+H7 -> 78.293124 | J7: =IFERROR(I7/D7,0) -> 1.8922809 | K7: =IF(J7<Assumptions!$B$8,"INSUFFICIENT- "&ROUND((Assumptions!$B$8-'Allocation Calculator'!J7)*D7,0)&" units short", "OK") -> INSUFFICIENT- 46 units short | L7: =IF(E7>=Assumptions!$B$8,0,(D7*Assumptions!$B$8)-C7) -> 79.125 | M7: =IF(L7>0,L7+($K$11-$L$11)/COUNTIF($L$5:$L$10,">"&0),0) -> 81.2 | N7: =M7+C7 -> 126.2 | O7: =N7/D7 -> 3.0501511
A8: SKU-001 | B8: Store 4 - Oakville | C8: 12 | D8: ='Sales History'!L7 -> 27.25 | E8: =IFERROR(ROUND(C8/D8,2),0) -> 0.44 | F8: =IF(E8>=Assumptions!$B$8,0,IFERROR(ROUND(1/E8,2),0)) -> 2.27 | G8: =IFERROR(F8/SUM($F$5:$F$10),0) -> 0.13691194 | H8: =IFERROR(G8*Assumptions!$B$10,0) -> 82.147165 | I8: =C8+H8 -> 94.147165 | J8: =IFERROR(I8/D8,0) -> 3.4549418 | K8: =IF(J8<Assumptions!$B$8,"INSUFFICIENT- "&ROUND((Assumptions!$B$8-'Allocation Calculator'!J8)*D8,0)&" units short", "OK") -> OK | L8: =IF(E8>=Assumptions!$B$8,0,(D8*Assumptions!$B$8)-C8) -> 69.75 | M8: =IF(L8>0,L8+($K$11-$L$11)/COUNTIF($L$5:$L$10,">"&0),0) -> 71.825 | N8: =M8+C8 -> 83.825 | O8: =N8/D8 -> 3.0761468
A9: SKU-001 | B9: Store 5 - Vaughan | C9: 30 | D9: ='Sales History'!L8 -> 50.5 | E9: =IFERROR(ROUND(C9/D9,2),0) -> 0.59 | F9: =IF(E9>=Assumptions!$B$8,0,IFERROR(ROUND(1/E9,2),0)) -> 1.69 | G9: =IFERROR(F9/SUM($F$5:$F$10),0) -> 0.10193004 | H9: =IFERROR(G9*Assumptions!$B$10,0) -> 61.158022 | I9: =C9+H9 -> 91.158022 | J9: =IFERROR(I9/D9,0) -> 1.8051093 | K9: =IF(J9<Assumptions!$B$8,"INSUFFICIENT- "&ROUND((Assumptions!$B$8-'Allocation Calculator'!J9)*D9,0)&" units short", "OK") -> INSUFFICIENT- 60 units short | L9: =IF(E9>=Assumptions!$B$8,0,(D9*Assumptions!$B$8)-C9) -> 121.5 | M9: =IF(L9>0,L9+($K$11-$L$11)/COUNTIF($L$5:$L$10,">"&0),0) -> 123.575 | N9: =M9+C9 -> 153.575 | O9: =N9/D9 -> 3.0410891
A10: SKU-001 | B10: Store 6 - Scarborough | C10: 60 | D10: ='Sales History'!L9 -> 16.375 | E10: =IFERROR(ROUND(C10/D10,2),0) -> 3.66 | F10: =IF(E10>=Assumptions!$B$8,0,IFERROR(ROUND(1/E10,2),0)) -> 0 | G10: =IFERROR(F10/SUM($F$5:$F$10),0) -> 0 | H10: =IFERROR(G10*Assumptions!$B$10,0) -> 0 | I10: =C10+H10 -> 60 | J10: =IFERROR(I10/D10,0) -> 3.6641221 | K10: =IF(J10<Assumptions!$B$8,"INSUFFICIENT- "&ROUND((Assumptions!$B$8-'Allocation Calculator'!J10)*D10,0)&" units short", "OK") -> OK | L10: =IF(E10>=Assumptions!$B$8,0,(D10*Assumptions!$B$8)-C10) -> 0 | M10: =IF(L10>0,L10+($K$11-$L$11)/COUNTIF($L$5:$L$10,">"&0),0) -> 0 | N10: =M10+C10 -> 60 | O10: =N10/D10 -> 3.6641221
G11: =SUM(G5:G10) -> 1 | H11: =IFERROR(G11*Assumptions!$B$10,0) -> 600 | K11: =H11-M11 -> 600 | L11: =SUM(L5:L10) -> 589.625
A13: SKU-002 | B13: Store 1 - Toronto | C13: 5 | D13: ='Sales History'!L12 -> 56.25 | E13: =IFERROR(ROUND(C13/D13,2),0) -> 0.09 | F13: =IF(E13>=Assumptions!$B$8,0,IFERROR(ROUND(1/E13,2),0)) -> 11.11 | G13: =IFERROR(F13/SUM($F$13:$F$18),0) -> 0.71677419 | H13: =IFERROR(G13*Assumptions!$B$11,0) -> 286.70968 | I13: =C13+H13 -> 291.70968 | J13: =IFERROR(I13/D13,0) -> 5.1859498 | K13: =IF(J13<Assumptions!$B$8,"INSUFFICIENT- "&ROUND((Assumptions!$B$8-'Allocation Calculator'!J13)*D13,0)&" units short", "OK") -> OK | L13: =IF(E13>=Assumptions!$B$8,0,(D13*Assumptions!$B$8)-C13) -> 163.75 | M13: =IF(L13>0,L13+($K$19-$L$19)/COUNTIF($L$13:$L$18,">"&0),0) -> 173.375 | N13: =M13+C13 -> 178.375 | O13: =N13/D13 -> 3.1711111
A14: SKU-002 | B14: Store 2 - Mississauga | C14: 40 | D14: ='Sales History'!L13 -> 36 | E14: =IFERROR(ROUND(C14/D14,2),0) -> 1.11 | F14: =IF(E14>=Assumptions!$B$8,0,IFERROR(ROUND(1/E14,2),0)) -> 0.9 | G14: =IFERROR(F14/SUM($F$13:$F$18),0) -> 0.058064516 | H14: =IFERROR(G14*Assumptions!$B$11,0) -> 23.225806 | I14: =C14+H14 -> 63.225806 | J14: =IFERROR(I14/D14,0) -> 1.7562724 | K14: =IF(J14<Assumptions!$B$8,"INSUFFICIENT- "&ROUND((Assumptions!$B$8-'Allocation Calculator'!J14)*D14,0)&" units short", "OK") -> INSUFFICIENT- 45 units short | L14: =IF(E14>=Assumptions!$B$8,0,(D14*Assumptions!$B$8)-C14) -> 68 | M14: =IF(L14>0,L14+($K$19-$L$19)/COUNTIF($L$13:$L$18,">"&0),0) -> 77.625 | N14: =M14+C14 -> 117.625 | O14: =N14/D14 -> 3.2673611
A15: SKU-002 | B15: Store 3 - Brampton | C15: 80 | D15: ='Sales History'!L14 -> 27.25 | E15: =IFERROR(ROUND(C15/D15,2),0) -> 2.94 | F15: =IF(E15>=Assumptions!$B$8,0,IFERROR(ROUND(1/E15,2),0)) -> 0.34 | G15: =IFERROR(F15/SUM($F$13:$F$18),0) -> 0.021935484 | H15: =IFERROR(G15*Assumptions!$B$11,0) -> 8.7741935 | I15: =C15+H15 -> 88.774194 | J15: =IFERROR(I15/D15,0) -> 3.2577686 | K15: =IF(J15<Assumptions!$B$8,"INSUFFICIENT- "&ROUND((Assumptions!$B$8-'Allocation Calculator'!J15)*D15,0)&" units short", "OK") -> OK | L15: =IF(E15>=Assumptions!$B$8,0,(D15*Assumptions!$B$8)-C15) -> 1.75 | M15: =IF(L15>0,L15+($K$19-$L$19)/COUNTIF($L$13:$L$18,">"&0),0) -> 11.375 | N15: =M15+C15 -> 91.375 | O15: =N15/D15 -> 3.353211
A16: SKU-002 | B16: Store 4 - Oakville | C16: 10 | D16: ='Sales History'!L15 -> 18.625 | E16: =IFERROR(ROUND(C16/D16,2),0) -> 0.54 | F16: =IF(E16>=Assumptions!$B$8,0,IFERROR(ROUND(1/E16,2),0)) -> 1.85 | G16: =IFERROR(F16/SUM($F$13:$F$18),0) -> 0.11935484 | H16: =IFERROR(G16*Assumptions!$B$11,0) -> 47.741935 | I16: =C16+H16 -> 57.741935 | J16: =IFERROR(I16/D16,0) -> 3.1002381 | K16: =IF(J16<Assumptions!$B$8,"INSUFFICIENT- "&ROUND((Assumptions!$B$8-'Allocation Calculator'!J16)*D16,0)&" units short", "OK") -> OK | L16: =IF(E16>=Assumptions!$B$8,0,(D16*Assumptions!$B$8)-C16) -> 45.875 | M16: =IF(L16>0,L16+($K$19-$L$19)/COUNTIF($L$13:$L$18,">"&0),0) -> 55.5 | N16: =M16+C16 -> 65.5 | O16: =N16/D16 -> 3.5167785
A17: SKU-002 | B17: Store 5 - Vaughan | C17: 25 | D17: ='Sales History'!L16 -> 32.5 | E17: =IFERROR(ROUND(C17/D17,2),0) -> 0.77 | F17: =IF(E17>=Assumptions!$B$8,0,IFERROR(ROUND(1/E17,2),0)) -> 1.3 | G17: =IFERROR(F17/SUM($F$13:$F$18),0) -> 0.083870968 | H17: =IFERROR(G17*Assumptions!$B$11,0) -> 33.548387 | I17: =C17+H17 -> 58.548387 | J17: =IFERROR(I17/D17,0) -> 1.8014888 | K17: =IF(J17<Assumptions!$B$8,"INSUFFICIENT- "&ROUND((Assumptions!$B$8-'Allocation Calculator'!J17)*D17,0)&" units short", "OK") -> INSUFFICIENT- 39 units short | L17: =IF(E17>=Assumptions!$B$8,0,(D17*Assumptions!$B$8)-C17) -> 72.5 | M17: =IF(L17>0,L17+($K$19-$L$19)/COUNTIF($L$13:$L$18,">"&0),0) -> 82.125 | N17: =M17+C17 -> 107.125 | O17: =N17/D17 -> 3.2961538
A18: SKU-002 | B18: Store 6 - Scarborough | C18: 55 | D18: ='Sales History'!L17 -> 11.125 | E18: =IFERROR(ROUND(C18/D18,2),0) -> 4.94 | F18: =IF(E18>=Assumptions!$B$8,0,IFERROR(ROUND(1/E18,2),0)) -> 0 | G18: =IFERROR(F18/SUM($F$13:$F$18),0) -> 0 | H18: =IFERROR(G18*Assumptions!$B$11,0) -> 0 | I18: =C18+H18 -> 55 | J18: =IFERROR(I18/D18,0) -> 4.9438202 | K18: =IF(J18<Assumptions!$B$8,"INSUFFICIENT- "&ROUND((Assumptions!$B$8-'Allocation Calculator'!J18)*D18,0)&" units short", "OK") -> OK | L18: =IF(E18>=Assumptions!$B$8,0,(D18*Assumptions!$B$8)-C18) -> 0 | M18: =IF(L18>0,L18+($K$19-$L$19)/COUNTIF($L$13:$L$18,">"&0),0) -> 0 | N18: =M18+C18 -> 55 | O18: =N18/D18 -> 4.9438202
G19: =SUM(G13:G18) -> 1 | H19: =IFERROR(G19*Assumptions!$B$11,0) -> 400 | K19: =H19-M19 -> 400 | L19: =SUM(L13:L18) -> 351.875
A21: SKU-003 | B21: Store 1 - Toronto | C21: 15 | D21: ='Sales History'!L20 -> 36.875 | E21: =IFERROR(ROUND(C21/D21,2),0) -> 0.41 | F21: =IF(E21>=Assumptions!$B$8,0,IFERROR(ROUND(1/E21,2),0)) -> 2.44 | G21: =IFERROR(F21/SUM($F$21:$F$26),0) -> 0.27201784 | H21: =IFERROR(G21*Assumptions!$B$12,0) -> 68.004459 | I21: =C21+H21 -> 83.004459 | J21: =IFERROR(I21/D21,0) -> 2.2509684 | K21: =IF(J21<Assumptions!$B$8,"INSUFFICIENT- "&ROUND((Assumptions!$B$8-'Allocation Calculator'!J21)*D21,0)&" units short", "OK") -> INSUFFICIENT- 28 units short | L21: =IF(E21>=Assumptions!$B$8,0,(D21*Assumptions!$B$8)-C21) -> 95.625 | M21: =IF(L21>0,L21+($K$27-$L$27)/COUNTIF($L$21:$L$26,">"&0),0) -> 103.425 | N21: =M21+C21 -> 118.425 | O21: =N21/D21 -> 3.2115254
A22: SKU-003 | B22: Store 2 - Mississauga | C22: 70 | D22: ='Sales History'!L21 -> 25.125 | E22: =IFERROR(ROUND(C22/D22,2),0) -> 2.79 | F22: =IF(E22>=Assumptions!$B$8,0,IFERROR(ROUND(1/E22,2),0)) -> 0.36 | G22: =IFERROR(F22/SUM($F$21:$F$26),0) -> 0.040133779 | H22: =IFERROR(G22*Assumptions!$B$12,0) -> 10.033445 | I22: =C22+H22 -> 80.033445 | J22: =IFERROR(H22/D22,0) -> 0.39934109 | K22: =IF(J22<Assumptions!$B$8,"INSUFFICIENT- "&ROUND((Assumptions!$B$8-'Allocation Calculator'!J22)*D22,0)&" units short", "OK") -> INSUFFICIENT- 65 units short | L22: =IF(E22>=Assumptions!$B$8,0,(D22*Assumptions!$B$8)-C22) -> 5.375 | M22: =IF(L22>0,L22+($K$27-$L$27)/COUNTIF($L$21:$L$26,">"&0),0) -> 13.175 | N22: =M22+C22 -> 83.175 | O22: =N22/D22 -> 3.3104478
A23: SKU-003 | B23: Store 3 - Brampton | C23: 6 | D23: ='Sales History'!L22 -> 18.25 | E23: =IFERROR(ROUND(C23/D23,2),0) -> 0.33 | F23: =IF(E23>=Assumptions!$B$8,0,IFERROR(ROUND(1/E23,2),0)) -> 3.03 | G23: =IFERROR(F23/SUM($F$21:$F$26),0) -> 0.33779264 | H23: =IFERROR(G23*Assumptions!$B$12,0) -> 84.448161 | I23: =C23+H23 -> 90.448161 | J23: =IFERROR(H23/D23,0) -> 4.6272965 | K23: =IF(J23<Assumptions!$B$8,"INSUFFICIENT- "&ROUND((Assumptions!$B$8-'Allocation Calculator'!J23)*D23,0)&" units short", "OK") -> OK | L23: =IF(E23>=Assumptions!$B$8,0,(D23*Assumptions!$B$8)-C23) -> 48.75 | M23: =IF(L23>0,L23+($K$27-$L$27)/COUNTIF($L$21:$L$26,">"&0),0) -> 56.55 | N23: =M23+C23 -> 62.55 | O23: =N23/D23 -> 3.4273973
A24: SKU-003 | B24: Store 4 - Oakville | C24: 35 | D24: ='Sales History'!L23 -> 12.75 | E24: =IFERROR(ROUND(C24/D24,2),0) -> 2.75 | F24: =IF(E24>=Assumptions!$B$8,0,IFERROR(ROUND(1/E24,2),0)) -> 0.36 | G24: =IFERROR(F24/SUM($F$21:$F$26),0) -> 0.040133779 | H24: =IFERROR(G24*Assumptions!$B$12,0) -> 10.033445 | I24: =C24+H24 -> 45.033445 | J24: =IFERROR(H24/D24,0) -> 0.78693685 | K24: =IF(J24<Assumptions!$B$8,"INSUFFICIENT- "&ROUND((Assumptions!$B$8-'Allocation Calculator'!J24)*D24,0)&" units short", "OK") -> INSUFFICIENT- 28 units short | L24: =IF(E24>=Assumptions!$B$8,0,(D24*Assumptions!$B$8)-C24) -> 3.25 | M24: =IF(L24>0,L24+($K$27-$L$27)/COUNTIF($L$21:$L$26,">"&0),0) -> 11.05 | N24: =M24+C24 -> 46.05 | O24: =N24/D24 -> 3.6117647
A25: SKU-003 | B25: Store 5 - Vaughan | C25: 8 | D25: ='Sales History'!L24 -> 22 | E25: =IFERROR(ROUND(C25/D25,2),0) -> 0.36 | F25: =IF(E25>=Assumptions!$B$8,0,IFERROR(ROUND(1/E25,2),0)) -> 2.78 | G25: =IFERROR(F25/SUM($F$21:$F$26),0) -> 0.30992196 | H25: =IFERROR(G25*Assumptions!$B$12,0) -> 77.480491 | I25: =C25+H25 -> 85.480491 | J25: =IFERROR(H25/D25,0) -> 3.5218405 | K25: =IF(J25<Assumptions!$B$8,"INSUFFICIENT- "&ROUND((Assumptions!$B$8-'Allocation Calculator'!J25)*D25,0)&" units short", "OK") -> OK | L25: =IF(E25>=Assumptions!$B$8,0,(D25*Assumptions!$B$8)-C25) -> 58 | M25: =IF(L25>0,L25+($K$27-$L$27)/COUNTIF($L$21:$L$26,">"&0),0) -> 65.8 | N25: =M25+C25 -> 73.8 | O25: =N25/D25 -> 3.3545455
A26: SKU-003 | B26: Store 6 - Scarborough | C26: 45 | D26: ='Sales History'!L25 -> 7 | E26: =IFERROR(ROUND(C26/D26,2),0) -> 6.43 | F26: =IF(E26>=Assumptions!$B$8,0,IFERROR(ROUND(1/E26,2),0)) -> 0 | G26: =IFERROR(F26/SUM($F$21:$F$26),0) -> 0 | H26: =IFERROR(G26*Assumptions!$B$12,0) -> 0 | I26: =C26+H26 -> 45 | J26: =IFERROR(I26/D26,0) -> 6.4285714 | K26: =IF(J26<Assumptions!$B$8,"INSUFFICIENT- "&ROUND((Assumptions!$B$8-'Allocation Calculator'!J26)*D26,0)&" units short", "OK") -> OK | L26: =IF(E26>=Assumptions!$B$8,0,(D26*Assumptions!$B$8)-C26) -> 0 | M26: =IF(L26>0,L26+($K$27-$L$27)/COUNTIF($L$21:$L$26,">"&0),0) -> 0 | N26: =M26+C26 -> 45 | O26: =N26/D26 -> 6.4285714
G27: =SUM(G21:G26) -> 1 | H27: =SUM(H21:H26) -> 250 | K27: =H27-M27 -> 250 | L27: =SUM(L21:L26) -> 211

Sheet Sell-Through Analysis
A1: Sell-Through Analysis - Weekly % by Store & SKU
A2: SKU | B2: Store | C2: Opening Stock | D2: Wk1 Sell-Thru% | E2: Wk2 Sell-Thru% | F2: Wk3 Sell-Thru% | G2: Wk4 Sell-Thru% | H2: Wk5 Sell-Thru% | I2: Wk6 Sell-Thru% | J2: Wk7 Sell-Thru% | K2: Wk8 Sell-Thru% | L2: Avg 8-Wk Sell-Thru%
A5: SKU-001 | B5: Store 1 - Toronto | C5: 850 | D5: ='Sales History'!$C4/'Sell-Through Analysis'!$C5 -> 0.084705882 | E5: ='Sales History'!$D4/'Sell-Through Analysis'!$C5 -> 0.091764706 | F5: ='Sales History'!$E4/$C5 -> 0.095294118 | G5: ='Sales History'!$F4/$C5 -> 0.11529412 | H5: ='Sales History'!$G4/$C5 -> 0.12352941 | I5: ='Sales History'!$H4/$C5 -> 0.10470588 | J5: ='Sales History'!$I4/$C5 -> 0.096470588 | K5: ='Sales History'!$J4/$C5 -> 0.088235294 | L5: =AVERAGE(D5:K5) -> 0.1
A6: SKU-001 | B6: Store 2 - Mississauga | C6: 900 | D6: ='Sales History'!$C5/'Sell-Through Analysis'!$C6 -> 0.053333333 | E6: ='Sales History'!$D5/'Sell-Through Analysis'!$C6 -> 0.056666667 | F6: ='Sales History'!$E5/$C6 -> 0.058888889 | G6: ='Sales History'!$F5/$C6 -> 0.071111111 | H6: ='Sales History'!$G5/$C6 -> 0.076666667 | I6: ='Sales History'!$H5/$C6 -> 0.064444444 | J6: ='Sales History'!$I5/$C6 -> 0.06 | K6: ='Sales History'!$J5/$C6 -> 0.054444444 | L6: =AVERAGE(D6:K6) -> 0.061944444
A7: SKU-001 | B7: Store 3 - Brampton | C7: 580 | D7: ='Sales History'!$C6/'Sell-Through Analysis'!$C7 -> 0.062068966 | E7: ='Sales History'!$D6/'Sell-Through Analysis'!$C7 -> 0.065517241 | F7: ='Sales History'!$E6/$C7 -> 0.067241379 | G7: ='Sales History'!$F6/$C7 -> 0.081034483 | H7: ='Sales History'!$G6/$C7 -> 0.087931034 | I7: ='Sales History'!$H6/$C7 -> 0.074137931 | J7: ='Sales History'!$I6/$C7 -> 0.068965517 | K7: ='Sales History'!$J6/$C7 -> 0.063793103 | L7: =AVERAGE(D7:K7) -> 0.071336207
A8: SKU-001 | B8: Store 4 - Oakville | C8: 480 | D8: ='Sales History'!$C7/'Sell-Through Analysis'!$C8 -> 0.05 | E8: ='Sales History'!$D7/'Sell-Through Analysis'!$C8 -> 0.052083333 | F8: ='Sales History'!$E7/$C8 -> 0.054166667 | G8: ='Sales History'!$F7/$C8 -> 0.064583333 | H8: ='Sales History'!$G7/$C8 -> 0.070833333 | I8: ='Sales History'!$H7/$C8 -> 0.058333333 | J8: ='Sales History'!$I7/$C8 -> 0.054166667 | K8: ='Sales History'!$J7/$C8 -> 0.05 | L8: =AVERAGE(D8:K8) -> 0.056770833
A9: SKU-001 | B9: Store 5 - Vaughan | C9: 670 | D9: ='Sales History'!$C8/'Sell-Through Analysis'!$C9 -> 0.065671642 | E9: ='Sales History'!$D8/'Sell-Through Analysis'!$C9 -> 0.068656716 | F9: ='Sales History'!$E8/$C9 -> 0.071641791 | G9: ='Sales History'!$F8/$C9 -> 0.086567164 | H9: ='Sales History'!$G8/$C9 -> 0.092537313 | I9: ='Sales History'!$H8/$C9 -> 0.07761194 | J9: ='Sales History'!$I8/$C9 -> 0.073134328 | K9: ='Sales History'!$J8/$C9 -> 0.067164179 | L9: =AVERAGE(D9:K9) -> 0.075373134
A10: SKU-001 | B10: Store 6 - Scarborough | C10: 350 | D10: ='Sales History'!$C9/'Sell-Through Analysis'!$C10 -> 0.042857143 | E10: ='Sales History'!$D9/'Sell-Through Analysis'!$C10 -> 0.042857143 | F10: ='Sales History'!$E9/$C10 -> 0.045714286 | G10: ='Sales History'!$F9/$C10 -> 0.051428571 | H10: ='Sales History'!$G9/$C10 -> 0.054285714 | I10: ='Sales History'!$H9/$C10 -> 0.048571429 | J10: ='Sales History'!$I9/$C10 -> 0.045714286 | K10: ='Sales History'!$J9/$C10 -> 0.042857143 | L10: =AVERAGE(D10:K10) -> 0.046785714
A13: SKU-002 | B13: Store 1 - Toronto | C13: 580 | D13: ='Sales History'!$C12/'Sell-Through Analysis'!$C13 -> 0.082758621 | E13: ='Sales History'!$D12/'Sell-Through Analysis'!$C13 -> 0.087931034 | F13: ='Sales History'!$E12/$C13 -> 0.09137931 | G13: ='Sales History'!$F12/$C13 -> 0.11206897 | H13: ='Sales History'!$G12/$C13 -> 0.12068966 | I13: ='Sales History'!$H12/$C13 -> 0.10172414 | J13: ='Sales History'!$I12/$C13 -> 0.093103448 | K13: ='Sales History'!$J12/$C13 -> 0.086206897 | L13: =AVERAGE(D13:K13) -> 0.096982759
A14: SKU-002 | B14: Store 2 - Mississauga | C14: 820 | D14: ='Sales History'!$C13/'Sell-Through Analysis'!$C14 -> 0.037804878 | E14: ='Sales History'!$D13/'Sell-Through Analysis'!$C14 -> 0.040243902 | F14: ='Sales History'!$E13/$C14 -> 0.041463415 | G14: ='Sales History'!$F13/$C14 -> 0.05 | H14: ='Sales History'!$G13/$C14 -> 0.054878049 | I14: ='Sales History'!$H13/$C14 -> 0.045121951 | J14: ='Sales History'!$I13/$C14 -> 0.042682927 | K14: ='Sales History'!$J13/$C14 -> 0.03902439 | L14: =AVERAGE(D14:K14) -> 0.043902439
A15: SKU-002 | B15: Store 3 - Brampton | C15: 390 | D15: ='Sales History'!$C14/'Sell-Through Analysis'!$C15 -> 0.061538462 | E15: ='Sales History'!$D14/'Sell-Through Analysis'!$C15 -> 0.064102564 | F15: ='Sales History'!$E14/$C15 -> 0.066666667 | G15: ='Sales History'!$F14/$C15 -> 0.079487179 | H15: ='Sales History'!$G14/$C15 -> 0.087179487 | I15: ='Sales History'!$H14/$C15 -> 0.071794872 | J15: ='Sales History'!$I14/$C15 -> 0.066666667 | K15: ='Sales History'!$J14/$C15 -> 0.061538462 | L15: =AVERAGE(D15:K15) -> 0.069871795
A16: SKU-002 | B16: Store 4 - Oakville | C16: 340 | D16: ='Sales History'!$C15/'Sell-Through Analysis'!$C16 -> 0.047058824 | E16: ='Sales History'!$D15/'Sell-Through Analysis'!$C16 -> 0.05 | F16: ='Sales History'!$E15/$C16 -> 0.052941176 | G16: ='Sales History'!$F15/$C16 -> 0.061764706 | H16: ='Sales History'!$G15/$C16 -> 0.067647059 | I16: ='Sales History'!$H15/$C16 -> 0.055882353 | J16: ='Sales History'!$I15/$C16 -> 0.052941176 | K16: ='Sales History'!$J15/$C16 -> 0.05 | L16: =AVERAGE(D16:K16) -> 0.054779412
A17: SKU-002 | B17: Store 5 - Vaughan | C17: 440 | D17: ='Sales History'!$C16/'Sell-Through Analysis'!$C17 -> 0.063636364 | E17: ='Sales History'!$D16/'Sell-Through Analysis'!$C17 -> 0.068181818 | F17: ='Sales History'!$E16/$C17 -> 0.070454545 | G17: ='Sales History'!$F16/$C17 -> 0.084090909 | H17: ='Sales History'!$G16/$C17 -> 0.090909091 | I17: ='Sales History'!$H16/$C17 -> 0.077272727 | J17: ='Sales History'!$I16/$C17 -> 0.070454545 | K17: ='Sales History'!$J16/$C17 -> 0.065909091 | L17: =AVERAGE(D17:K17) -> 0.073863636
A18: SKU-002 | B18: Store 6 - Scarborough | C18: 280 | D18: ='Sales History'!$C17/'Sell-Through Analysis'!$C18 -> 0.035714286 | E18: ='Sales History'!$D17/'Sell-Through Analysis'!$C18 -> 0.035714286 | F18: ='Sales History'!$E17/$C18 -> 0.039285714 | G18: ='Sales History'!$F17/$C18 -> 0.042857143 | H18: ='Sales History'!$G17/$C18 -> 0.05 | I18: ='Sales History'!$H17/$C18 -> 0.039285714 | J18: ='Sales History'!$I17/$C18 -> 0.039285714 | K18: ='Sales History'!$J17/$C18 -> 0.035714286 | L18: =AVERAGE(D18:K18) -> 0.039732143
... A26: SKU-003 | B26: Store 6 - Scarborough | C26: 190 | D26: ='Sales History'!$C25/'Sell-Through Analysis'!$C26 -> 0.031578947 | E26: ='Sales History'!$D25/'Sell-Through Analysis'!$C26 -> 0.031578947 | F26: ='Sales History'!$E25/$C26 -> 0.036842105 | G26: ='Sales History'!$F25/$C26 -> 0.042105263 | H26: ='Sales History'!$G25/$C26 -> 0.047368421 | I26: ='Sales History'!$H25/$C26 -> 0.036842105 | J26: ='Sales History'!$I25/$C26 -> 0.036842105 | K26: ='Sales History'!$J25/$C26 -> 0.031578947 | L26: =AVERAGE(D26:K26) -> 0.036842105
